{"cameraMode":{"drawMode":0,"name":"Shaded","section":"Shading Mode"},"sceneLighting":true,"audioPlay":false,"sceneViewState":{"m_AlwaysRefresh":false,"showFog":true,"showSkybox":true,"showFlares":true,"showImageEffects":true,"showParticleSystems":true,"showVisualEffectGraphs":true,"m_FxEnabled":true},"in2DMode":false,"pivot":{"x":0.08519935607910156,"y":3.9636576175689699,"z":-3.277445077896118},"rotation":{"x":0.08756110817193985,"y":0.19445914030075074,"z":-0.017430195584893228,"w":0.9768428206443787},"size":9.06386661529541,"orthographic":false}